Forecast_Identifier,Date,Target,Hierarchy Columns (Non-Independent Variables),,,,,,1st Party Independent Variables,,External Variable
,,,,,,,,,,,
Model_ID,Date,Units_Sold,Store,DC,Region,SKU,Category,Dept,Price,Promo,Temperature
Store1_SKU1,1/1/22,1048,Store 1,DC 1,Region 1,SKU1,Category 1,Dept 1,2.91,9638,76
Store1_SKU1,1/8/22,87,Store 1,DC 1,Region 1,SKU1,Category 1,Dept 1,2.02,9987,79
Store1_SKU1,1/15/22,1802,Store 1,DC 1,Region 1,SKU1,Category 1,Dept 1,2.65,5820,63
Store1_SKU1,1/22/22,1373,Store 1,DC 1,Region 1,SKU1,Category 1,Dept 1,2.8,7404,47
Store1_SKU1,1/29/22,696,Store 1,DC 1,Region 1,SKU1,Category 1,Dept 1,2.1,5138,81
Store1_SKU1,2/5/22,1030,Store 1,DC 1,Region 1,SKU1,Category 1,Dept 1,2.39,388,30
Store1_SKU1,2/12/22,1826,Store 1,DC 1,Region 1,SKU1,Category 1,Dept 1,2.91,6877,79
Store1_SKU1,2/19/22,1218,Store 1,DC 1,Region 1,SKU1,Category 1,Dept 1,2.3,6302,33
Store1_SKU1,2/26/22,1641,Store 1,DC 1,Region 1,SKU1,Category 1,Dept 1,2.4,5457,44
Store1_SKU1,3/5/22,482,Store 1,DC 1,Region 1,SKU1,Category 1,Dept 1,2.01,29,60
Store1_SKU1,3/12/22,35,Store 1,DC 1,Region 1,SKU1,Category 1,Dept 1,2.02,8617,34
Store1_SKU1,3/19/22,673,Store 1,DC 1,Region 1,SKU1,Category 1,Dept 1,2.69,1546,88
Store1_SKU1,3/26/22,1533,Store 1,DC 1,Region 1,SKU1,Category 1,Dept 1,2.44,7925,69
Store1_SKU1,4/2/22,381,Store 1,DC 1,Region 1,SKU1,Category 1,Dept 1,2.53,8666,64
Store1_SKU1,4/9/22,1032,Store 1,DC 1,Region 1,SKU1,Category 1,Dept 1,2.95,5440,90
Store1_SKU1,4/16/22,1564,Store 1,DC 1,Region 1,SKU1,Category 1,Dept 1,3,2466,62
Store1_SKU1,4/23/22,571,Store 1,DC 1,Region 1,SKU1,Category 1,Dept 1,2.23,245,83
Store1_SKU1,4/30/22,1228,Store 1,DC 1,Region 1,SKU1,Category 1,Dept 1,2.33,5037,33
Store1_SKU1,5/7/22,639,Store 1,DC 1,Region 1,SKU1,Category 1,Dept 1,2.56,2964,66
Store1_SKU1,5/14/22,796,Store 1,DC 1,Region 1,SKU1,Category 1,Dept 1,2.89,3508,59
Store1_SKU1,5/21/22,1195,Store 1,DC 1,Region 1,SKU1,Category 1,Dept 1,2.63,8255,33
Store1_SKU1,5/28/22,220,Store 1,DC 1,Region 1,SKU1,Category 1,Dept 1,2.97,7730,67
Store1_SKU1,6/4/22,225,Store 1,DC 1,Region 1,SKU1,Category 1,Dept 1,2.4,3772,63
Store1_SKU1,6/11/22,976,Store 1,DC 1,Region 1,SKU1,Category 1,Dept 1,2.27,7714,88
Store1_SKU1,6/18/22,1308,Store 1,DC 1,Region 1,SKU1,Category 1,Dept 1,2.34,4442,56
Store1_SKU1,6/25/22,596,Store 1,DC 1,Region 1,SKU1,Category 1,Dept 1,2.8,1939,90
Store1_SKU1,7/2/22,799,Store 1,DC 1,Region 1,SKU1,Category 1,Dept 1,2.11,6957,38
Store1_SKU1,7/9/22,1924,Store 1,DC 1,Region 1,SKU1,Category 1,Dept 1,2.14,9598,55
Store1_SKU1,7/16/22,222,Store 1,DC 1,Region 1,SKU1,Category 1,Dept 1,2.02,1094,32
Store1_SKU1,7/23/22,962,Store 1,DC 1,Region 1,SKU1,Category 1,Dept 1,2.49,6424,44
Store1_SKU1,7/30/22,1501,Store 1,DC 1,Region 1,SKU1,Category 1,Dept 1,2.55,6246,76
Store1_SKU1,8/6/22,535,Store 1,DC 1,Region 1,SKU1,Category 1,Dept 1,2.75,608,76
Store1_SKU1,8/13/22,1445,Store 1,DC 1,Region 1,SKU1,Category 1,Dept 1,2.15,1502,50
Store1_SKU1,8/20/22,41,Store 1,DC 1,Region 1,SKU1,Category 1,Dept 1,2.19,6912,51
Store1_SKU1,8/27/22,1679,Store 1,DC 1,Region 1,SKU1,Category 1,Dept 1,2.64,3378,86
Store1_SKU1,9/3/22,1025,Store 1,DC 1,Region 1,SKU1,Category 1,Dept 1,2.89,2065,83
Store1_SKU1,9/10/22,102,Store 1,DC 1,Region 1,SKU1,Category 1,Dept 1,2.88,2935,48
Store1_SKU1,9/17/22,1410,Store 1,DC 1,Region 1,SKU1,Category 1,Dept 1,2.1,5568,44
Store1_SKU1,9/24/22,868,Store 1,DC 1,Region 1,SKU1,Category 1,Dept 1,2.32,8651,37
Store1_SKU1,10/1/22,1443,Store 1,DC 1,Region 1,SKU1,Category 1,Dept 1,2.09,2209,89
Store1_SKU1,10/8/22,1597,Store 1,DC 1,Region 1,SKU1,Category 1,Dept 1,2.31,9614,76
Store1_SKU1,10/15/22,560,Store 1,DC 1,Region 1,SKU1,Category 1,Dept 1,2.39,5992,78
Store1_SKU1,10/22/22,380,Store 1,DC 1,Region 1,SKU1,Category 1,Dept 1,2.64,8021,71
Store1_SKU1,10/29/22,6,Store 1,DC 1,Region 1,SKU1,Category 1,Dept 1,2.04,9821,85
Store1_SKU1,11/5/22,109,Store 1,DC 1,Region 1,SKU1,Category 1,Dept 1,2.84,4921,47
Store1_SKU1,11/12/22,1392,Store 1,DC 1,Region 1,SKU1,Category 1,Dept 1,2.12,803,60
Store1_SKU1,11/19/22,56,Store 1,DC 1,Region 1,SKU1,Category 1,Dept 1,2.58,1576,44
Store1_SKU1,11/26/22,1097,Store 1,DC 1,Region 1,SKU1,Category 1,Dept 1,2.95,6479,51
Store1_SKU1,12/3/22,13,Store 1,DC 1,Region 1,SKU1,Category 1,Dept 1,2.8,3468,72
Store1_SKU1,12/10/22,787,Store 1,DC 1,Region 1,SKU1,Category 1,Dept 1,2.7,6279,86
Store1_SKU1,12/17/22,227,Store 1,DC 1,Region 1,SKU1,Category 1,Dept 1,2.55,9312,48
Store1_SKU1,12/24/22,1042,Store 1,DC 1,Region 1,SKU1,Category 1,Dept 1,2.76,2179,32
Store1_SKU1,12/31/22,890,Store 1,DC 1,Region 1,SKU1,Category 1,Dept 1,2.44,35,85
Store1_SKU1,1/7/23,471,Store 1,DC 1,Region 1,SKU1,Category 1,Dept 1,2.5,6053,78
Store1_SKU1,1/14/23,1880,Store 1,DC 1,Region 1,SKU1,Category 1,Dept 1,2.17,4832,60
Store1_SKU1,1/21/23,164,Store 1,DC 1,Region 1,SKU1,Category 1,Dept 1,2.74,8753,52
Store1_SKU1,1/28/23,639,Store 1,DC 1,Region 1,SKU1,Category 1,Dept 1,2.63,6592,38
Store1_SKU1,2/4/23,230,Store 1,DC 1,Region 1,SKU1,Category 1,Dept 1,2.06,3589,35
Store1_SKU1,2/11/23,148,Store 1,DC 1,Region 1,SKU1,Category 1,Dept 1,2.35,363,89
Store1_SKU1,2/18/23,1763,Store 1,DC 1,Region 1,SKU1,Category 1,Dept 1,2.97,7719,55
Store1_SKU1,2/25/23,1387,Store 1,DC 1,Region 1,SKU1,Category 1,Dept 1,2.81,4741,64
Store1_SKU1,3/4/23,550,Store 1,DC 1,Region 1,SKU1,Category 1,Dept 1,2.13,5811,75
Store1_SKU1,3/11/23,39,Store 1,DC 1,Region 1,SKU1,Category 1,Dept 1,2.9,9698,32
Store1_SKU1,3/18/23,468,Store 1,DC 1,Region 1,SKU1,Category 1,Dept 1,2.78,9272,81
Store1_SKU1,3/25/23,1190,Store 1,DC 1,Region 1,SKU1,Category 1,Dept 1,2.19,4056,88
Store1_SKU1,4/1/23,407,Store 1,DC 1,Region 1,SKU1,Category 1,Dept 1,2.02,5326,72
Store1_SKU1,4/8/23,863,Store 1,DC 1,Region 1,SKU1,Category 1,Dept 1,2.35,7501,82
Store1_SKU1,4/15/23,954,Store 1,DC 1,Region 1,SKU1,Category 1,Dept 1,2.67,213,87
Store1_SKU1,4/22/23,1446,Store 1,DC 1,Region 1,SKU1,Category 1,Dept 1,2.15,836,58
Store1_SKU1,4/29/23,1168,Store 1,DC 1,Region 1,SKU1,Category 1,Dept 1,2.11,8359,34
Store1_SKU1,5/6/23,246,Store 1,DC 1,Region 1,SKU1,Category 1,Dept 1,2.85,6327,63
Store1_SKU1,5/13/23,1493,Store 1,DC 1,Region 1,SKU1,Category 1,Dept 1,2.59,4981,61
Store1_SKU1,5/20/23,823,Store 1,DC 1,Region 1,SKU1,Category 1,Dept 1,2.89,9084,62
Store1_SKU1,5/27/23,123,Store 1,DC 1,Region 1,SKU1,Category 1,Dept 1,2.65,2113,77
Store1_SKU1,6/3/23,1143,Store 1,DC 1,Region 1,SKU1,Category 1,Dept 1,2.36,7351,62
Store1_SKU1,6/10/23,576,Store 1,DC 1,Region 1,SKU1,Category 1,Dept 1,2.08,7290,78
Store1_SKU1,6/17/23,1873,Store 1,DC 1,Region 1,SKU1,Category 1,Dept 1,2.69,1301,74
Store1_SKU1,6/24/23,124,Store 1,DC 1,Region 1,SKU1,Category 1,Dept 1,2.43,4875,55
Store1_SKU1,7/1/23,89,Store 1,DC 1,Region 1,SKU1,Category 1,Dept 1,2.82,8576,69
Store1_SKU1,7/8/23,1698,Store 1,DC 1,Region 1,SKU1,Category 1,Dept 1,2.34,9718,80
Store1_SKU1,7/15/23,162,Store 1,DC 1,Region 1,SKU1,Category 1,Dept 1,2.51,5761,45
Store1_SKU1,7/22/23,847,Store 1,DC 1,Region 1,SKU1,Category 1,Dept 1,2.55,5000,40
Store1_SKU1,7/29/23,1083,Store 1,DC 1,Region 1,SKU1,Category 1,Dept 1,2.29,5135,87
Store1_SKU1,8/5/23,535,Store 1,DC 1,Region 1,SKU1,Category 1,Dept 1,2.22,2980,68
Store1_SKU1,8/12/23,1977,Store 1,DC 1,Region 1,SKU1,Category 1,Dept 1,2.43,1450,45
Store1_SKU1,8/19/23,388,Store 1,DC 1,Region 1,SKU1,Category 1,Dept 1,2.24,9794,45
Store1_SKU1,8/26/23,582,Store 1,DC 1,Region 1,SKU1,Category 1,Dept 1,2.9,2441,38
Store1_SKU1,9/2/23,1614,Store 1,DC 1,Region 1,SKU1,Category 1,Dept 1,2.33,1558,35
Store1_SKU1,9/9/23,345,Store 1,DC 1,Region 1,SKU1,Category 1,Dept 1,2.47,5649,77
Store1_SKU1,9/16/23,1424,Store 1,DC 1,Region 1,SKU1,Category 1,Dept 1,2.42,8416,50
Store1_SKU1,9/23/23,1876,Store 1,DC 1,Region 1,SKU1,Category 1,Dept 1,2.39,2806,39
Store1_SKU1,9/30/23,836,Store 1,DC 1,Region 1,SKU1,Category 1,Dept 1,2.19,3226,62
Store1_SKU1,10/7/23,237,Store 1,DC 1,Region 1,SKU1,Category 1,Dept 1,2.91,2884,90
Store1_SKU1,10/14/23,446,Store 1,DC 1,Region 1,SKU1,Category 1,Dept 1,2.44,7782,49
Store1_SKU1,10/21/23,1580,Store 1,DC 1,Region 1,SKU1,Category 1,Dept 1,2.03,4600,76
Store1_SKU1,10/28/23,987,Store 1,DC 1,Region 1,SKU1,Category 1,Dept 1,2.88,55,45
Store1_SKU1,11/4/23,1177,Store 1,DC 1,Region 1,SKU1,Category 1,Dept 1,2.57,481,61
Store1_SKU1,11/11/23,1486,Store 1,DC 1,Region 1,SKU1,Category 1,Dept 1,3,5977,33
Store1_SKU1,11/18/23,282,Store 1,DC 1,Region 1,SKU1,Category 1,Dept 1,2.11,5560,73
Store1_SKU1,11/25/23,402,Store 1,DC 1,Region 1,SKU1,Category 1,Dept 1,2.57,1123,56
Store1_SKU1,12/2/23,597,Store 1,DC 1,Region 1,SKU1,Category 1,Dept 1,2.24,8780,88
Store1_SKU1,12/9/23,1818,Store 1,DC 1,Region 1,SKU1,Category 1,Dept 1,2.25,8680,63
Store1_SKU1,12/16/23,900,Store 1,DC 1,Region 1,SKU1,Category 1,Dept 1,2.83,9699,32
Store1_SKU1,12/23/23,1972,Store 1,DC 1,Region 1,SKU1,Category 1,Dept 1,2.39,1593,54
Store1_SKU1,12/30/23,1988,Store 1,DC 1,Region 1,SKU1,Category 1,Dept 1,2.08,1642,59
Store1_SKU1,1/6/24,678,Store 1,DC 1,Region 1,SKU1,Category 1,Dept 1,2.58,1776,45
Store1_SKU1,1/13/24,1366,Store 1,DC 1,Region 1,SKU1,Category 1,Dept 1,2.7,8601,39
Store1_SKU1,1/20/24,588,Store 1,DC 1,Region 1,SKU1,Category 1,Dept 1,2.33,5570,67
Store1_SKU1,1/27/24,1413,Store 1,DC 1,Region 1,SKU1,Category 1,Dept 1,2.09,3239,80
Store1_SKU1,2/3/24,1424,Store 1,DC 1,Region 1,SKU1,Category 1,Dept 1,2.17,563,80
Store1_SKU1,2/10/24,1229,Store 1,DC 1,Region 1,SKU1,Category 1,Dept 1,2.28,586,56
Store1_SKU1,2/17/24,799,Store 1,DC 1,Region 1,SKU1,Category 1,Dept 1,2.2,8379,49
Store1_SKU1,2/24/24,409,Store 1,DC 1,Region 1,SKU1,Category 1,Dept 1,2.36,1816,57
Store1_SKU1,3/2/24,618,Store 1,DC 1,Region 1,SKU1,Category 1,Dept 1,2.25,332,50
Store1_SKU1,3/9/24,1117,Store 1,DC 1,Region 1,SKU1,Category 1,Dept 1,2.5,6754,84
Store1_SKU1,3/16/24,89,Store 1,DC 1,Region 1,SKU1,Category 1,Dept 1,2.96,9541,62
Store1_SKU1,3/23/24,287,Store 1,DC 1,Region 1,SKU1,Category 1,Dept 1,2.85,5884,82
Store1_SKU1,3/30/24,888,Store 1,DC 1,Region 1,SKU1,Category 1,Dept 1,2.86,2709,62
Store1_SKU1,4/6/24,79,Store 1,DC 1,Region 1,SKU1,Category 1,Dept 1,2.32,7373,38
Store1_SKU1,4/13/24,1936,Store 1,DC 1,Region 1,SKU1,Category 1,Dept 1,2.9,3496,52
Store1_SKU1,4/20/24,1281,Store 1,DC 1,Region 1,SKU1,Category 1,Dept 1,2.75,9937,43
Store1_SKU1,4/27/24,1705,Store 1,DC 1,Region 1,SKU1,Category 1,Dept 1,2.37,5021,71
Store1_SKU1,5/4/24,1183,Store 1,DC 1,Region 1,SKU1,Category 1,Dept 1,2.34,4108,74
Store1_SKU1,5/11/24,1442,Store 1,DC 1,Region 1,SKU1,Category 1,Dept 1,2.36,5604,71
Store1_SKU1,5/18/24,1875,Store 1,DC 1,Region 1,SKU1,Category 1,Dept 1,2.21,6583,49
Store1_SKU1,5/25/24,65,Store 1,DC 1,Region 1,SKU1,Category 1,Dept 1,2.39,1280,57
Store1_SKU1,6/1/24,908,Store 1,DC 1,Region 1,SKU1,Category 1,Dept 1,2.28,2835,46
Store1_SKU1,6/8/24,587,Store 1,DC 1,Region 1,SKU1,Category 1,Dept 1,2.71,3096,48
Store1_SKU1,6/15/24,1376,Store 1,DC 1,Region 1,SKU1,Category 1,Dept 1,2.58,6632,59
Store1_SKU1,6/22/24,494,Store 1,DC 1,Region 1,SKU1,Category 1,Dept 1,2.17,3533,50
Store1_SKU1,6/29/24,773,Store 1,DC 1,Region 1,SKU1,Category 1,Dept 1,2.52,2832,53
Store1_SKU1,7/6/24,843,Store 1,DC 1,Region 1,SKU1,Category 1,Dept 1,2.34,1587,54
Store1_SKU1,7/13/24,1080,Store 1,DC 1,Region 1,SKU1,Category 1,Dept 1,2.66,7908,39
Store1_SKU1,7/20/24,1441,Store 1,DC 1,Region 1,SKU1,Category 1,Dept 1,2.97,1366,33
Store1_SKU1,7/27/24,134,Store 1,DC 1,Region 1,SKU1,Category 1,Dept 1,2.54,6963,70
Store1_SKU1,8/3/24,1257,Store 1,DC 1,Region 1,SKU1,Category 1,Dept 1,2.7,5977,78
Store1_SKU1,8/10/24,276,Store 1,DC 1,Region 1,SKU1,Category 1,Dept 1,2.37,673,86
Store1_SKU1,8/17/24,1676,Store 1,DC 1,Region 1,SKU1,Category 1,Dept 1,2.39,7119,51
Store1_SKU1,8/24/24,1594,Store 1,DC 1,Region 1,SKU1,Category 1,Dept 1,2.03,9948,79
Store1_SKU1,8/31/24,695,Store 1,DC 1,Region 1,SKU1,Category 1,Dept 1,2.61,4555,31
Store1_SKU1,9/7/24,1693,Store 1,DC 1,Region 1,SKU1,Category 1,Dept 1,2.23,5123,42
Store1_SKU1,9/14/24,1361,Store 1,DC 1,Region 1,SKU1,Category 1,Dept 1,2.54,7564,67
Store1_SKU1,9/21/24,1750,Store 1,DC 1,Region 1,SKU1,Category 1,Dept 1,2.31,8575,38
Store1_SKU2,1/1/22,1033,Store 1,DC 1,Region 1,SKU2,Category 2,Dept 1,2.56,8850,88
Store1_SKU2,1/8/22,818,Store 1,DC 1,Region 1,SKU2,Category 2,Dept 1,2.85,1305,34
Store1_SKU2,1/15/22,1188,Store 1,DC 1,Region 1,SKU2,Category 2,Dept 1,2.21,5523,82
Store1_SKU2,1/22/22,41,Store 1,DC 1,Region 1,SKU2,Category 2,Dept 1,2.07,6230,87
Store1_SKU2,1/29/22,1481,Store 1,DC 1,Region 1,SKU2,Category 2,Dept 1,2.98,1411,47
Store1_SKU2,2/5/22,40,Store 1,DC 1,Region 1,SKU2,Category 2,Dept 1,2.82,3534,57
Store1_SKU2,2/12/22,539,Store 1,DC 1,Region 1,SKU2,Category 2,Dept 1,2.17,4712,77
Store1_SKU2,2/19/22,917,Store 1,DC 1,Region 1,SKU2,Category 2,Dept 1,2.64,3198,90
Store1_SKU2,2/26/22,455,Store 1,DC 1,Region 1,SKU2,Category 2,Dept 1,2.63,7504,85
Store1_SKU2,3/5/22,372,Store 1,DC 1,Region 1,SKU2,Category 2,Dept 1,2.24,4337,79
Store1_SKU2,3/12/22,1405,Store 1,DC 1,Region 1,SKU2,Category 2,Dept 1,2.12,9270,54
Store1_SKU2,3/19/22,342,Store 1,DC 1,Region 1,SKU2,Category 2,Dept 1,2.73,788,44
Store1_SKU2,3/26/22,242,Store 1,DC 1,Region 1,SKU2,Category 2,Dept 1,2.36,7607,60
Store1_SKU2,4/2/22,1537,Store 1,DC 1,Region 1,SKU2,Category 2,Dept 1,2.92,2613,39
Store1_SKU2,4/9/22,1415,Store 1,DC 1,Region 1,SKU2,Category 2,Dept 1,2.01,6358,58
Store1_SKU2,4/16/22,1451,Store 1,DC 1,Region 1,SKU2,Category 2,Dept 1,2.2,9700,78
Store1_SKU2,4/23/22,285,Store 1,DC 1,Region 1,SKU2,Category 2,Dept 1,2.78,3692,60
Store1_SKU2,4/30/22,315,Store 1,DC 1,Region 1,SKU2,Category 2,Dept 1,2.58,8108,55
Store1_SKU2,5/7/22,1980,Store 1,DC 1,Region 1,SKU2,Category 2,Dept 1,2.95,5433,58
Store1_SKU2,5/14/22,862,Store 1,DC 1,Region 1,SKU2,Category 2,Dept 1,3,901,64
Store1_SKU2,5/21/22,1640,Store 1,DC 1,Region 1,SKU2,Category 2,Dept 1,2.89,763,79
Store1_SKU2,5/28/22,1558,Store 1,DC 1,Region 1,SKU2,Category 2,Dept 1,2.61,4227,48
Store1_SKU2,6/4/22,1183,Store 1,DC 1,Region 1,SKU2,Category 2,Dept 1,2.32,8802,50
Store1_SKU2,6/11/22,223,Store 1,DC 1,Region 1,SKU2,Category 2,Dept 1,2.38,9760,86
Store1_SKU2,6/18/22,1780,Store 1,DC 1,Region 1,SKU2,Category 2,Dept 1,2.22,387,65
Store1_SKU2,6/25/22,383,Store 1,DC 1,Region 1,SKU2,Category 2,Dept 1,2.49,5015,77
Store1_SKU2,7/2/22,1699,Store 1,DC 1,Region 1,SKU2,Category 2,Dept 1,2.29,7475,77
Store1_SKU2,7/9/22,1779,Store 1,DC 1,Region 1,SKU2,Category 2,Dept 1,2.54,2360,63
Store1_SKU2,7/16/22,1990,Store 1,DC 1,Region 1,SKU2,Category 2,Dept 1,2.33,3373,34
Store1_SKU2,7/23/22,560,Store 1,DC 1,Region 1,SKU2,Category 2,Dept 1,2.46,7372,40
Store1_SKU2,7/30/22,468,Store 1,DC 1,Region 1,SKU2,Category 2,Dept 1,2.95,2112,76
Store1_SKU2,8/6/22,1504,Store 1,DC 1,Region 1,SKU2,Category 2,Dept 1,2.25,7326,33
Store1_SKU2,8/13/22,1238,Store 1,DC 1,Region 1,SKU2,Category 2,Dept 1,2.44,9207,78
Store1_SKU2,8/20/22,417,Store 1,DC 1,Region 1,SKU2,Category 2,Dept 1,2.22,7947,59
Store1_SKU2,8/27/22,21,Store 1,DC 1,Region 1,SKU2,Category 2,Dept 1,2.89,5180,52
Store1_SKU2,9/3/22,351,Store 1,DC 1,Region 1,SKU2,Category 2,Dept 1,2.87,8315,48
Store1_SKU2,9/10/22,879,Store 1,DC 1,Region 1,SKU2,Category 2,Dept 1,2.1,198,59
Store1_SKU2,9/17/22,1739,Store 1,DC 1,Region 1,SKU2,Category 2,Dept 1,2.88,1535,47
Store1_SKU2,9/24/22,1258,Store 1,DC 1,Region 1,SKU2,Category 2,Dept 1,2.89,3063,33
Store1_SKU2,10/1/22,1888,Store 1,DC 1,Region 1,SKU2,Category 2,Dept 1,2.4,3584,71
Store1_SKU2,10/8/22,387,Store 1,DC 1,Region 1,SKU2,Category 2,Dept 1,2.64,6840,88
Store1_SKU2,10/15/22,1469,Store 1,DC 1,Region 1,SKU2,Category 2,Dept 1,2.67,3194,53
Store1_SKU2,10/22/22,1908,Store 1,DC 1,Region 1,SKU2,Category 2,Dept 1,2.29,8012,40
Store1_SKU2,10/29/22,1172,Store 1,DC 1,Region 1,SKU2,Category 2,Dept 1,2.99,1689,71
Store1_SKU2,11/5/22,43,Store 1,DC 1,Region 1,SKU2,Category 2,Dept 1,2.68,207,72
Store1_SKU2,11/12/22,1888,Store 1,DC 1,Region 1,SKU2,Category 2,Dept 1,2.66,4611,79
Store1_SKU2,11/19/22,1933,Store 1,DC 1,Region 1,SKU2,Category 2,Dept 1,2.24,3774,43
Store1_SKU2,11/26/22,1364,Store 1,DC 1,Region 1,SKU2,Category 2,Dept 1,2.82,5064,79
Store1_SKU2,12/3/22,967,Store 1,DC 1,Region 1,SKU2,Category 2,Dept 1,2.16,6618,85
Store1_SKU2,12/10/22,1051,Store 1,DC 1,Region 1,SKU2,Category 2,Dept 1,2.75,2949,53
Store1_SKU2,12/17/22,1945,Store 1,DC 1,Region 1,SKU2,Category 2,Dept 1,2.07,3301,69
Store1_SKU2,12/24/22,1964,Store 1,DC 1,Region 1,SKU2,Category 2,Dept 1,2.56,7482,80
Store1_SKU2,12/31/22,798,Store 1,DC 1,Region 1,SKU2,Category 2,Dept 1,2.77,2096,62
Store1_SKU2,1/7/23,903,Store 1,DC 1,Region 1,SKU2,Category 2,Dept 1,2.49,863,52
Store1_SKU2,1/14/23,1093,Store 1,DC 1,Region 1,SKU2,Category 2,Dept 1,2.4,4946,52
Store1_SKU2,1/21/23,523,Store 1,DC 1,Region 1,SKU2,Category 2,Dept 1,2.28,1119,90
Store1_SKU2,1/28/23,1645,Store 1,DC 1,Region 1,SKU2,Category 2,Dept 1,2.45,2335,50
Store1_SKU2,2/4/23,1476,Store 1,DC 1,Region 1,SKU2,Category 2,Dept 1,2.63,850,80
Store1_SKU2,2/11/23,1222,Store 1,DC 1,Region 1,SKU2,Category 2,Dept 1,2.42,3631,45
Store1_SKU2,2/18/23,1212,Store 1,DC 1,Region 1,SKU2,Category 2,Dept 1,2.5,8934,88
Store1_SKU2,2/25/23,322,Store 1,DC 1,Region 1,SKU2,Category 2,Dept 1,2.81,4353,65
Store1_SKU2,3/4/23,1890,Store 1,DC 1,Region 1,SKU2,Category 2,Dept 1,2.19,181,37
Store1_SKU2,3/11/23,482,Store 1,DC 1,Region 1,SKU2,Category 2,Dept 1,2.47,6316,59
Store1_SKU2,3/18/23,1891,Store 1,DC 1,Region 1,SKU2,Category 2,Dept 1,2.43,4155,33
Store1_SKU2,3/25/23,243,Store 1,DC 1,Region 1,SKU2,Category 2,Dept 1,3,557,72
Store1_SKU2,4/1/23,678,Store 1,DC 1,Region 1,SKU2,Category 2,Dept 1,2.36,8221,36
Store1_SKU2,4/8/23,1334,Store 1,DC 1,Region 1,SKU2,Category 2,Dept 1,2.2,1389,70
Store1_SKU2,4/15/23,1141,Store 1,DC 1,Region 1,SKU2,Category 2,Dept 1,2.28,548,62
Store1_SKU2,4/22/23,741,Store 1,DC 1,Region 1,SKU2,Category 2,Dept 1,2.32,8017,78
Store1_SKU2,4/29/23,770,Store 1,DC 1,Region 1,SKU2,Category 2,Dept 1,2.6,722,73
Store1_SKU2,5/6/23,1904,Store 1,DC 1,Region 1,SKU2,Category 2,Dept 1,2.61,1121,66
Store1_SKU2,5/13/23,1796,Store 1,DC 1,Region 1,SKU2,Category 2,Dept 1,2.31,8034,35
Store1_SKU2,5/20/23,238,Store 1,DC 1,Region 1,SKU2,Category 2,Dept 1,2.95,3314,90
Store1_SKU2,5/27/23,1969,Store 1,DC 1,Region 1,SKU2,Category 2,Dept 1,2.11,2865,37
Store1_SKU2,6/3/23,193,Store 1,DC 1,Region 1,SKU2,Category 2,Dept 1,2.21,9658,69
Store1_SKU2,6/10/23,806,Store 1,DC 1,Region 1,SKU2,Category 2,Dept 1,2.95,2663,87
Store1_SKU2,6/17/23,406,Store 1,DC 1,Region 1,SKU2,Category 2,Dept 1,2.65,3638,89
Store1_SKU2,6/24/23,1778,Store 1,DC 1,Region 1,SKU2,Category 2,Dept 1,2.6,5485,69
Store1_SKU2,7/1/23,927,Store 1,DC 1,Region 1,SKU2,Category 2,Dept 1,2.21,6291,41
Store1_SKU2,7/8/23,922,Store 1,DC 1,Region 1,SKU2,Category 2,Dept 1,2.25,4333,84
Store1_SKU2,7/15/23,426,Store 1,DC 1,Region 1,SKU2,Category 2,Dept 1,2.82,9254,64
Store1_SKU2,7/22/23,87,Store 1,DC 1,Region 1,SKU2,Category 2,Dept 1,2.9,144,35
Store1_SKU2,7/29/23,1932,Store 1,DC 1,Region 1,SKU2,Category 2,Dept 1,2.88,6895,36
Store1_SKU2,8/5/23,1827,Store 1,DC 1,Region 1,SKU2,Category 2,Dept 1,2,3090,75
Store1_SKU2,8/12/23,152,Store 1,DC 1,Region 1,SKU2,Category 2,Dept 1,2.17,9910,46
Store1_SKU2,8/19/23,611,Store 1,DC 1,Region 1,SKU2,Category 2,Dept 1,2.41,3341,69
Store1_SKU2,8/26/23,1422,Store 1,DC 1,Region 1,SKU2,Category 2,Dept 1,2.81,2362,74
Store1_SKU2,9/2/23,560,Store 1,DC 1,Region 1,SKU2,Category 2,Dept 1,2.52,1506,57
Store1_SKU2,9/9/23,1188,Store 1,DC 1,Region 1,SKU2,Category 2,Dept 1,2.46,9626,47
Store1_SKU2,9/16/23,1216,Store 1,DC 1,Region 1,SKU2,Category 2,Dept 1,2.34,6082,45
Store1_SKU2,9/23/23,1809,Store 1,DC 1,Region 1,SKU2,Category 2,Dept 1,2.56,2684,74
Store1_SKU2,9/30/23,17,Store 1,DC 1,Region 1,SKU2,Category 2,Dept 1,2.92,7011,71
Store1_SKU2,10/7/23,1431,Store 1,DC 1,Region 1,SKU2,Category 2,Dept 1,2.14,1540,47
Store1_SKU2,10/14/23,138,Store 1,DC 1,Region 1,SKU2,Category 2,Dept 1,2.8,7619,69
Store1_SKU2,10/21/23,721,Store 1,DC 1,Region 1,SKU2,Category 2,Dept 1,2.55,3375,73
Store1_SKU2,10/28/23,826,Store 1,DC 1,Region 1,SKU2,Category 2,Dept 1,2.09,314,55
Store1_SKU2,11/4/23,151,Store 1,DC 1,Region 1,SKU2,Category 2,Dept 1,2.48,3848,63
Store1_SKU2,11/11/23,1645,Store 1,DC 1,Region 1,SKU2,Category 2,Dept 1,2.37,5256,61
Store1_SKU2,11/18/23,603,Store 1,DC 1,Region 1,SKU2,Category 2,Dept 1,2.46,5524,69
Store1_SKU2,11/25/23,1762,Store 1,DC 1,Region 1,SKU2,Category 2,Dept 1,2.59,8484,61
Store1_SKU2,12/2/23,639,Store 1,DC 1,Region 1,SKU2,Category 2,Dept 1,2.28,3945,35
Store1_SKU2,12/9/23,188,Store 1,DC 1,Region 1,SKU2,Category 2,Dept 1,2.16,8870,60
Store1_SKU2,12/16/23,241,Store 1,DC 1,Region 1,SKU2,Category 2,Dept 1,2.51,4036,66
Store1_SKU2,12/23/23,435,Store 1,DC 1,Region 1,SKU2,Category 2,Dept 1,2.29,1689,76
Store1_SKU2,12/30/23,185,Store 1,DC 1,Region 1,SKU2,Category 2,Dept 1,2.4,7748,47
Store1_SKU2,1/6/24,1068,Store 1,DC 1,Region 1,SKU2,Category 2,Dept 1,2.95,4109,50
Store1_SKU2,1/13/24,1088,Store 1,DC 1,Region 1,SKU2,Category 2,Dept 1,2.15,7003,52
Store1_SKU2,1/20/24,1751,Store 1,DC 1,Region 1,SKU2,Category 2,Dept 1,2.84,8442,44
Store1_SKU2,1/27/24,364,Store 1,DC 1,Region 1,SKU2,Category 2,Dept 1,2.26,1899,74
Store1_SKU2,2/3/24,1815,Store 1,DC 1,Region 1,SKU2,Category 2,Dept 1,2.39,3117,47
Store1_SKU2,2/10/24,688,Store 1,DC 1,Region 1,SKU2,Category 2,Dept 1,2.77,7976,60
Store1_SKU2,2/17/24,1055,Store 1,DC 1,Region 1,SKU2,Category 2,Dept 1,2.04,1803,90
Store1_SKU2,2/24/24,98,Store 1,DC 1,Region 1,SKU2,Category 2,Dept 1,2.68,8742,49
Store1_SKU2,3/2/24,465,Store 1,DC 1,Region 1,SKU2,Category 2,Dept 1,2.03,5857,67
Store1_SKU2,3/9/24,561,Store 1,DC 1,Region 1,SKU2,Category 2,Dept 1,2.86,2393,72
Store1_SKU2,3/16/24,176,Store 1,DC 1,Region 1,SKU2,Category 2,Dept 1,2.25,2397,77
Store1_SKU2,3/23/24,1975,Store 1,DC 1,Region 1,SKU2,Category 2,Dept 1,2.14,7658,43
Store1_SKU2,3/30/24,740,Store 1,DC 1,Region 1,SKU2,Category 2,Dept 1,2.16,3775,73
Store1_SKU2,4/6/24,910,Store 1,DC 1,Region 1,SKU2,Category 2,Dept 1,2.62,246,56
Store1_SKU2,4/13/24,876,Store 1,DC 1,Region 1,SKU2,Category 2,Dept 1,2.63,3972,70
Store1_SKU2,4/20/24,541,Store 1,DC 1,Region 1,SKU2,Category 2,Dept 1,2.7,2287,34
Store1_SKU2,4/27/24,804,Store 1,DC 1,Region 1,SKU2,Category 2,Dept 1,2.97,4146,56
Store1_SKU2,5/4/24,605,Store 1,DC 1,Region 1,SKU2,Category 2,Dept 1,2.83,3144,74
Store1_SKU2,5/11/24,60,Store 1,DC 1,Region 1,SKU2,Category 2,Dept 1,2.73,2441,51
Store1_SKU2,5/18/24,37,Store 1,DC 1,Region 1,SKU2,Category 2,Dept 1,2.76,6691,71
Store1_SKU2,5/25/24,238,Store 1,DC 1,Region 1,SKU2,Category 2,Dept 1,2.87,1863,65
Store1_SKU2,6/1/24,1376,Store 1,DC 1,Region 1,SKU2,Category 2,Dept 1,2.07,8027,75
Store1_SKU2,6/8/24,1865,Store 1,DC 1,Region 1,SKU2,Category 2,Dept 1,2.62,1677,46
Store1_SKU2,6/15/24,1539,Store 1,DC 1,Region 1,SKU2,Category 2,Dept 1,2.69,6985,56
Store1_SKU2,6/22/24,18,Store 1,DC 1,Region 1,SKU2,Category 2,Dept 1,2.15,7080,39
Store1_SKU2,6/29/24,914,Store 1,DC 1,Region 1,SKU2,Category 2,Dept 1,2.75,834,39
Store1_SKU2,7/6/24,593,Store 1,DC 1,Region 1,SKU2,Category 2,Dept 1,2.61,897,47
Store1_SKU2,7/13/24,917,Store 1,DC 1,Region 1,SKU2,Category 2,Dept 1,2.05,727,52
Store1_SKU2,7/20/24,490,Store 1,DC 1,Region 1,SKU2,Category 2,Dept 1,2.53,1393,69
Store1_SKU2,7/27/24,1296,Store 1,DC 1,Region 1,SKU2,Category 2,Dept 1,2.73,4695,31
Store1_SKU2,8/3/24,840,Store 1,DC 1,Region 1,SKU2,Category 2,Dept 1,2.51,4878,41
Store1_SKU2,8/10/24,1749,Store 1,DC 1,Region 1,SKU2,Category 2,Dept 1,2.53,1168,38
Store1_SKU2,8/17/24,299,Store 1,DC 1,Region 1,SKU2,Category 2,Dept 1,2.25,527,59
Store1_SKU2,8/24/24,607,Store 1,DC 1,Region 1,SKU2,Category 2,Dept 1,2.6,152,30
Store1_SKU2,8/31/24,1054,Store 1,DC 1,Region 1,SKU2,Category 2,Dept 1,2.9,7391,57
Store1_SKU2,9/7/24,1485,Store 1,DC 1,Region 1,SKU2,Category 2,Dept 1,2.96,2502,67
Store1_SKU2,9/14/24,1356,Store 1,DC 1,Region 1,SKU2,Category 2,Dept 1,2.01,1631,31
Store1_SKU2,9/21/24,1639,Store 1,DC 1,Region 1,SKU2,Category 2,Dept 1,3,3963,42
Store2_SKU1,1/1/22,1635,Store 2,DC 2,Region 1,SKU1,Category 1,Dept 1,2.39,2943,78
Store2_SKU1,1/8/22,1387,Store 2,DC 2,Region 1,SKU1,Category 1,Dept 1,2.99,8951,37
Store2_SKU1,1/15/22,216,Store 2,DC 2,Region 1,SKU1,Category 1,Dept 1,2.76,6027,69
Store2_SKU1,1/22/22,1669,Store 2,DC 2,Region 1,SKU1,Category 1,Dept 1,2.59,7049,45
Store2_SKU1,1/29/22,18,Store 2,DC 2,Region 1,SKU1,Category 1,Dept 1,2.09,2041,89
Store2_SKU1,2/5/22,443,Store 2,DC 2,Region 1,SKU1,Category 1,Dept 1,2.35,2368,77
Store2_SKU1,2/12/22,617,Store 2,DC 2,Region 1,SKU1,Category 1,Dept 1,2.36,5929,60
Store2_SKU1,2/19/22,1936,Store 2,DC 2,Region 1,SKU1,Category 1,Dept 1,2.64,4548,58
Store2_SKU1,2/26/22,24,Store 2,DC 2,Region 1,SKU1,Category 1,Dept 1,2.53,5223,86
Store2_SKU1,3/5/22,1513,Store 2,DC 2,Region 1,SKU1,Category 1,Dept 1,2.62,6231,81
Store2_SKU1,3/12/22,950,Store 2,DC 2,Region 1,SKU1,Category 1,Dept 1,2.81,3066,36
Store2_SKU1,3/19/22,1343,Store 2,DC 2,Region 1,SKU1,Category 1,Dept 1,2.91,7239,87
Store2_SKU1,3/26/22,1335,Store 2,DC 2,Region 1,SKU1,Category 1,Dept 1,2.15,9167,80
Store2_SKU1,4/2/22,1160,Store 2,DC 2,Region 1,SKU1,Category 1,Dept 1,2.14,1530,59
Store2_SKU1,4/9/22,198,Store 2,DC 2,Region 1,SKU1,Category 1,Dept 1,2.26,2700,76
Store2_SKU1,4/16/22,1734,Store 2,DC 2,Region 1,SKU1,Category 1,Dept 1,2.08,9696,82
Store2_SKU1,4/23/22,963,Store 2,DC 2,Region 1,SKU1,Category 1,Dept 1,2.21,7179,68
Store2_SKU1,4/30/22,992,Store 2,DC 2,Region 1,SKU1,Category 1,Dept 1,2.03,9490,46
Store2_SKU1,5/7/22,665,Store 2,DC 2,Region 1,SKU1,Category 1,Dept 1,2.22,3748,63
Store2_SKU1,5/14/22,152,Store 2,DC 2,Region 1,SKU1,Category 1,Dept 1,2.89,7257,32
Store2_SKU1,5/21/22,1848,Store 2,DC 2,Region 1,SKU1,Category 1,Dept 1,2.49,4372,53
Store2_SKU1,5/28/22,1627,Store 2,DC 2,Region 1,SKU1,Category 1,Dept 1,2.13,7841,77
Store2_SKU1,6/4/22,864,Store 2,DC 2,Region 1,SKU1,Category 1,Dept 1,2.42,6206,40
Store2_SKU1,6/11/22,749,Store 2,DC 2,Region 1,SKU1,Category 1,Dept 1,2.43,3664,75
Store2_SKU1,6/18/22,1806,Store 2,DC 2,Region 1,SKU1,Category 1,Dept 1,2.11,4936,72
Store2_SKU1,6/25/22,1237,Store 2,DC 2,Region 1,SKU1,Category 1,Dept 1,2.2,1272,38
Store2_SKU1,7/2/22,294,Store 2,DC 2,Region 1,SKU1,Category 1,Dept 1,2.75,9741,86
Store2_SKU1,7/9/22,829,Store 2,DC 2,Region 1,SKU1,Category 1,Dept 1,2.98,6866,59
Store2_SKU1,7/16/22,110,Store 2,DC 2,Region 1,SKU1,Category 1,Dept 1,2.41,3846,48
Store2_SKU1,7/23/22,1336,Store 2,DC 2,Region 1,SKU1,Category 1,Dept 1,2.29,3696,46
Store2_SKU1,7/30/22,425,Store 2,DC 2,Region 1,SKU1,Category 1,Dept 1,2.19,8595,73
Store2_SKU1,8/6/22,66,Store 2,DC 2,Region 1,SKU1,Category 1,Dept 1,2.21,5816,61
Store2_SKU1,8/13/22,901,Store 2,DC 2,Region 1,SKU1,Category 1,Dept 1,2.68,6067,42
Store2_SKU1,8/20/22,430,Store 2,DC 2,Region 1,SKU1,Category 1,Dept 1,2.25,5513,58
Store2_SKU1,8/27/22,560,Store 2,DC 2,Region 1,SKU1,Category 1,Dept 1,2.03,7832,78
Store2_SKU1,9/3/22,786,Store 2,DC 2,Region 1,SKU1,Category 1,Dept 1,2.41,7882,85
Store2_SKU1,9/10/22,1104,Store 2,DC 2,Region 1,SKU1,Category 1,Dept 1,2.68,97,76
Store2_SKU1,9/17/22,161,Store 2,DC 2,Region 1,SKU1,Category 1,Dept 1,2.89,9709,74
Store2_SKU1,9/24/22,1213,Store 2,DC 2,Region 1,SKU1,Category 1,Dept 1,2.92,2155,82
Store2_SKU1,10/1/22,879,Store 2,DC 2,Region 1,SKU1,Category 1,Dept 1,2.75,5225,30
Store2_SKU1,10/8/22,285,Store 2,DC 2,Region 1,SKU1,Category 1,Dept 1,2.28,1264,65
Store2_SKU1,10/15/22,384,Store 2,DC 2,Region 1,SKU1,Category 1,Dept 1,2.24,1773,70
Store2_SKU1,10/22/22,911,Store 2,DC 2,Region 1,SKU1,Category 1,Dept 1,2.31,9337,74
Store2_SKU1,10/29/22,413,Store 2,DC 2,Region 1,SKU1,Category 1,Dept 1,2.32,1940,50
Store2_SKU1,11/5/22,367,Store 2,DC 2,Region 1,SKU1,Category 1,Dept 1,2.02,2214,68
Store2_SKU1,11/12/22,475,Store 2,DC 2,Region 1,SKU1,Category 1,Dept 1,2.03,2200,79
Store2_SKU1,11/19/22,225,Store 2,DC 2,Region 1,SKU1,Category 1,Dept 1,2.16,1837,80
Store2_SKU1,11/26/22,415,Store 2,DC 2,Region 1,SKU1,Category 1,Dept 1,2.09,4944,49
Store2_SKU1,12/3/22,13,Store 2,DC 2,Region 1,SKU1,Category 1,Dept 1,2.46,2068,44
Store2_SKU1,12/10/22,1479,Store 2,DC 2,Region 1,SKU1,Category 1,Dept 1,2.91,2647,82
Store2_SKU1,12/17/22,1056,Store 2,DC 2,Region 1,SKU1,Category 1,Dept 1,2.85,6406,88
Store2_SKU1,12/24/22,536,Store 2,DC 2,Region 1,SKU1,Category 1,Dept 1,2.78,2535,30
Store2_SKU1,12/31/22,896,Store 2,DC 2,Region 1,SKU1,Category 1,Dept 1,2.09,3111,42
Store2_SKU1,1/7/23,731,Store 2,DC 2,Region 1,SKU1,Category 1,Dept 1,2.17,7419,44
Store2_SKU1,1/14/23,1763,Store 2,DC 2,Region 1,SKU1,Category 1,Dept 1,2.21,5167,87
Store2_SKU1,1/21/23,594,Store 2,DC 2,Region 1,SKU1,Category 1,Dept 1,2.44,8328,60
Store2_SKU1,1/28/23,1205,Store 2,DC 2,Region 1,SKU1,Category 1,Dept 1,2.8,2121,44
Store2_SKU1,2/4/23,1756,Store 2,DC 2,Region 1,SKU1,Category 1,Dept 1,2.02,7008,79
Store2_SKU1,2/11/23,961,Store 2,DC 2,Region 1,SKU1,Category 1,Dept 1,2.9,3644,35
Store2_SKU1,2/18/23,1987,Store 2,DC 2,Region 1,SKU1,Category 1,Dept 1,2.74,1202,35
Store2_SKU1,2/25/23,1200,Store 2,DC 2,Region 1,SKU1,Category 1,Dept 1,2.17,5552,81
Store2_SKU1,3/4/23,1620,Store 2,DC 2,Region 1,SKU1,Category 1,Dept 1,2.53,1863,30
Store2_SKU1,3/11/23,203,Store 2,DC 2,Region 1,SKU1,Category 1,Dept 1,2.39,2283,51
Store2_SKU1,3/18/23,1700,Store 2,DC 2,Region 1,SKU1,Category 1,Dept 1,2.56,7423,73
Store2_SKU1,3/25/23,219,Store 2,DC 2,Region 1,SKU1,Category 1,Dept 1,2.7,6621,63
Store2_SKU1,4/1/23,902,Store 2,DC 2,Region 1,SKU1,Category 1,Dept 1,2.93,6986,42
Store2_SKU1,4/8/23,775,Store 2,DC 2,Region 1,SKU1,Category 1,Dept 1,2.51,1411,85
Store2_SKU1,4/15/23,718,Store 2,DC 2,Region 1,SKU1,Category 1,Dept 1,2.11,889,67
Store2_SKU1,4/22/23,918,Store 2,DC 2,Region 1,SKU1,Category 1,Dept 1,2.04,4752,64
Store2_SKU1,4/29/23,270,Store 2,DC 2,Region 1,SKU1,Category 1,Dept 1,2.21,4263,41
Store2_SKU1,5/6/23,1543,Store 2,DC 2,Region 1,SKU1,Category 1,Dept 1,2.58,9313,53
Store2_SKU1,5/13/23,1878,Store 2,DC 2,Region 1,SKU1,Category 1,Dept 1,2.41,9428,77
Store2_SKU1,5/20/23,455,Store 2,DC 2,Region 1,SKU1,Category 1,Dept 1,2.6,407,84
Store2_SKU1,5/27/23,1104,Store 2,DC 2,Region 1,SKU1,Category 1,Dept 1,2.35,9635,31
Store2_SKU1,6/3/23,349,Store 2,DC 2,Region 1,SKU1,Category 1,Dept 1,2.17,6048,46
Store2_SKU1,6/10/23,510,Store 2,DC 2,Region 1,SKU1,Category 1,Dept 1,2.69,6807,60
Store2_SKU1,6/17/23,1530,Store 2,DC 2,Region 1,SKU1,Category 1,Dept 1,2.63,9037,34
Store2_SKU1,6/24/23,279,Store 2,DC 2,Region 1,SKU1,Category 1,Dept 1,2.99,8751,35
Store2_SKU1,7/1/23,423,Store 2,DC 2,Region 1,SKU1,Category 1,Dept 1,2.23,1579,49
Store2_SKU1,7/8/23,1276,Store 2,DC 2,Region 1,SKU1,Category 1,Dept 1,2.15,8548,45
Store2_SKU1,7/15/23,1020,Store 2,DC 2,Region 1,SKU1,Category 1,Dept 1,2.56,2635,77
Store2_SKU1,7/22/23,1359,Store 2,DC 2,Region 1,SKU1,Category 1,Dept 1,2.4,7723,57
Store2_SKU1,7/29/23,15,Store 2,DC 2,Region 1,SKU1,Category 1,Dept 1,2.29,2658,85
Store2_SKU1,8/5/23,1005,Store 2,DC 2,Region 1,SKU1,Category 1,Dept 1,2.76,4866,88
Store2_SKU1,8/12/23,1773,Store 2,DC 2,Region 1,SKU1,Category 1,Dept 1,2.51,9784,50
Store2_SKU1,8/19/23,1519,Store 2,DC 2,Region 1,SKU1,Category 1,Dept 1,2.17,1956,77
Store2_SKU1,8/26/23,1424,Store 2,DC 2,Region 1,SKU1,Category 1,Dept 1,2.19,4653,46
Store2_SKU1,9/2/23,507,Store 2,DC 2,Region 1,SKU1,Category 1,Dept 1,2.29,9502,72
Store2_SKU1,9/9/23,449,Store 2,DC 2,Region 1,SKU1,Category 1,Dept 1,2.83,633,55
Store2_SKU1,9/16/23,1379,Store 2,DC 2,Region 1,SKU1,Category 1,Dept 1,2.11,9251,32
Store2_SKU1,9/23/23,1380,Store 2,DC 2,Region 1,SKU1,Category 1,Dept 1,2.41,4459,46
Store2_SKU1,9/30/23,753,Store 2,DC 2,Region 1,SKU1,Category 1,Dept 1,2.98,9342,40
Store2_SKU1,10/7/23,1847,Store 2,DC 2,Region 1,SKU1,Category 1,Dept 1,2.07,9631,83
Store2_SKU1,10/14/23,219,Store 2,DC 2,Region 1,SKU1,Category 1,Dept 1,2.85,4753,55
Store2_SKU1,10/21/23,1455,Store 2,DC 2,Region 1,SKU1,Category 1,Dept 1,2.95,8347,42
Store2_SKU1,10/28/23,1254,Store 2,DC 2,Region 1,SKU1,Category 1,Dept 1,2.29,6534,52
Store2_SKU1,11/4/23,1186,Store 2,DC 2,Region 1,SKU1,Category 1,Dept 1,2.14,8117,72
Store2_SKU1,11/11/23,1198,Store 2,DC 2,Region 1,SKU1,Category 1,Dept 1,2.01,1290,86
Store2_SKU1,11/18/23,570,Store 2,DC 2,Region 1,SKU1,Category 1,Dept 1,2.9,4284,53
Store2_SKU1,11/25/23,227,Store 2,DC 2,Region 1,SKU1,Category 1,Dept 1,2.54,7306,34
Store2_SKU1,12/2/23,417,Store 2,DC 2,Region 1,SKU1,Category 1,Dept 1,2.21,7467,85
Store2_SKU1,12/9/23,135,Store 2,DC 2,Region 1,SKU1,Category 1,Dept 1,2.34,7267,39
Store2_SKU1,12/16/23,193,Store 2,DC 2,Region 1,SKU1,Category 1,Dept 1,2.66,2263,73
Store2_SKU1,12/23/23,951,Store 2,DC 2,Region 1,SKU1,Category 1,Dept 1,2.96,1221,48
Store2_SKU1,12/30/23,1188,Store 2,DC 2,Region 1,SKU1,Category 1,Dept 1,2.43,3203,60
Store2_SKU1,1/6/24,1007,Store 2,DC 2,Region 1,SKU1,Category 1,Dept 1,2.53,9357,39
Store2_SKU1,1/13/24,151,Store 2,DC 2,Region 1,SKU1,Category 1,Dept 1,2.9,941,38
Store2_SKU1,1/20/24,1152,Store 2,DC 2,Region 1,SKU1,Category 1,Dept 1,2.37,1695,69
Store2_SKU1,1/27/24,1216,Store 2,DC 2,Region 1,SKU1,Category 1,Dept 1,2.06,3425,79
Store2_SKU1,2/3/24,779,Store 2,DC 2,Region 1,SKU1,Category 1,Dept 1,2.31,9493,40
Store2_SKU1,2/10/24,471,Store 2,DC 2,Region 1,SKU1,Category 1,Dept 1,2.25,7209,44
Store2_SKU1,2/17/24,1275,Store 2,DC 2,Region 1,SKU1,Category 1,Dept 1,2.58,1918,40
Store2_SKU1,2/24/24,1192,Store 2,DC 2,Region 1,SKU1,Category 1,Dept 1,2.94,1226,90
Store2_SKU1,3/2/24,889,Store 2,DC 2,Region 1,SKU1,Category 1,Dept 1,2.33,1684,41
Store2_SKU1,3/9/24,930,Store 2,DC 2,Region 1,SKU1,Category 1,Dept 1,2.48,3151,57
Store2_SKU1,3/16/24,1149,Store 2,DC 2,Region 1,SKU1,Category 1,Dept 1,2.67,1908,40
Store2_SKU1,3/23/24,1757,Store 2,DC 2,Region 1,SKU1,Category 1,Dept 1,2.97,2851,40
Store2_SKU1,3/30/24,710,Store 2,DC 2,Region 1,SKU1,Category 1,Dept 1,2.39,8324,88
Store2_SKU1,4/6/24,1178,Store 2,DC 2,Region 1,SKU1,Category 1,Dept 1,2.17,4499,78
Store2_SKU1,4/13/24,1962,Store 2,DC 2,Region 1,SKU1,Category 1,Dept 1,2.11,8886,52
Store2_SKU1,4/20/24,1355,Store 2,DC 2,Region 1,SKU1,Category 1,Dept 1,2.85,2066,44
Store2_SKU1,4/27/24,1321,Store 2,DC 2,Region 1,SKU1,Category 1,Dept 1,2.58,3603,63
Store2_SKU1,5/4/24,1857,Store 2,DC 2,Region 1,SKU1,Category 1,Dept 1,2.94,9383,39
Store2_SKU1,5/11/24,1809,Store 2,DC 2,Region 1,SKU1,Category 1,Dept 1,2.75,7600,36
Store2_SKU1,5/18/24,366,Store 2,DC 2,Region 1,SKU1,Category 1,Dept 1,2.33,3317,35
Store2_SKU1,5/25/24,223,Store 2,DC 2,Region 1,SKU1,Category 1,Dept 1,2.12,3532,60
Store2_SKU1,6/1/24,149,Store 2,DC 2,Region 1,SKU1,Category 1,Dept 1,2.13,9610,53
Store2_SKU1,6/8/24,814,Store 2,DC 2,Region 1,SKU1,Category 1,Dept 1,2.04,8435,67
Store2_SKU1,6/15/24,1191,Store 2,DC 2,Region 1,SKU1,Category 1,Dept 1,2.14,4505,58
Store2_SKU1,6/22/24,229,Store 2,DC 2,Region 1,SKU1,Category 1,Dept 1,2.92,2122,74
Store2_SKU1,6/29/24,448,Store 2,DC 2,Region 1,SKU1,Category 1,Dept 1,2.3,2328,66
Store2_SKU1,7/6/24,1145,Store 2,DC 2,Region 1,SKU1,Category 1,Dept 1,2.46,9496,35
Store2_SKU1,7/13/24,80,Store 2,DC 2,Region 1,SKU1,Category 1,Dept 1,2.19,2728,53
Store2_SKU1,7/20/24,897,Store 2,DC 2,Region 1,SKU1,Category 1,Dept 1,2.47,2690,66
Store2_SKU1,7/27/24,363,Store 2,DC 2,Region 1,SKU1,Category 1,Dept 1,2.79,5628,85
Store2_SKU1,8/3/24,1593,Store 2,DC 2,Region 1,SKU1,Category 1,Dept 1,2.15,1310,31
Store2_SKU1,8/10/24,1366,Store 2,DC 2,Region 1,SKU1,Category 1,Dept 1,2.85,347,37
Store2_SKU1,8/17/24,172,Store 2,DC 2,Region 1,SKU1,Category 1,Dept 1,2.82,4224,41
Store2_SKU1,8/24/24,1538,Store 2,DC 2,Region 1,SKU1,Category 1,Dept 1,2.8,8145,66
Store2_SKU1,8/31/24,1644,Store 2,DC 2,Region 1,SKU1,Category 1,Dept 1,2.62,1716,41
Store2_SKU1,9/7/24,1699,Store 2,DC 2,Region 1,SKU1,Category 1,Dept 1,2.31,8876,61
Store2_SKU1,9/14/24,1978,Store 2,DC 2,Region 1,SKU1,Category 1,Dept 1,2.45,3717,58
Store2_SKU1,9/21/24,1286,Store 2,DC 2,Region 1,SKU1,Category 1,Dept 1,2.43,9267,82
Store2_SKU2,1/1/22,1909,Store 2,DC 2,Region 1,SKU2,Category 2,Dept 1,2.79,8564,38
Store2_SKU2,1/8/22,184,Store 2,DC 2,Region 1,SKU2,Category 2,Dept 1,2.98,9346,84
Store2_SKU2,1/15/22,1223,Store 2,DC 2,Region 1,SKU2,Category 2,Dept 1,2.34,8806,75
Store2_SKU2,1/22/22,1199,Store 2,DC 2,Region 1,SKU2,Category 2,Dept 1,2.5,5965,54
Store2_SKU2,1/29/22,169,Store 2,DC 2,Region 1,SKU2,Category 2,Dept 1,2.35,1882,50
Store2_SKU2,2/5/22,1747,Store 2,DC 2,Region 1,SKU2,Category 2,Dept 1,2.58,5810,74
Store2_SKU2,2/12/22,1080,Store 2,DC 2,Region 1,SKU2,Category 2,Dept 1,2.96,990,75
Store2_SKU2,2/19/22,929,Store 2,DC 2,Region 1,SKU2,Category 2,Dept 1,2.63,1572,85
Store2_SKU2,2/26/22,648,Store 2,DC 2,Region 1,SKU2,Category 2,Dept 1,2.06,7200,45
Store2_SKU2,3/5/22,187,Store 2,DC 2,Region 1,SKU2,Category 2,Dept 1,2.3,748,72
Store2_SKU2,3/12/22,227,Store 2,DC 2,Region 1,SKU2,Category 2,Dept 1,2.03,2974,39
Store2_SKU2,3/19/22,1783,Store 2,DC 2,Region 1,SKU2,Category 2,Dept 1,2.73,4586,56
Store2_SKU2,3/26/22,618,Store 2,DC 2,Region 1,SKU2,Category 2,Dept 1,2.8,1660,34
Store2_SKU2,4/2/22,382,Store 2,DC 2,Region 1,SKU2,Category 2,Dept 1,2.19,3201,55
Store2_SKU2,4/9/22,1833,Store 2,DC 2,Region 1,SKU2,Category 2,Dept 1,2.4,6704,49
Store2_SKU2,4/16/22,1647,Store 2,DC 2,Region 1,SKU2,Category 2,Dept 1,2.09,5992,41
Store2_SKU2,4/23/22,1624,Store 2,DC 2,Region 1,SKU2,Category 2,Dept 1,2.8,220,45
Store2_SKU2,4/30/22,1080,Store 2,DC 2,Region 1,SKU2,Category 2,Dept 1,2.02,5637,55
Store2_SKU2,5/7/22,1167,Store 2,DC 2,Region 1,SKU2,Category 2,Dept 1,2.39,7977,49
Store2_SKU2,5/14/22,1978,Store 2,DC 2,Region 1,SKU2,Category 2,Dept 1,2.16,966,66
Store2_SKU2,5/21/22,373,Store 2,DC 2,Region 1,SKU2,Category 2,Dept 1,2.73,6264,57
Store2_SKU2,5/28/22,1607,Store 2,DC 2,Region 1,SKU2,Category 2,Dept 1,2.35,1866,78
Store2_SKU2,6/4/22,935,Store 2,DC 2,Region 1,SKU2,Category 2,Dept 1,2.85,6036,35
Store2_SKU2,6/11/22,1951,Store 2,DC 2,Region 1,SKU2,Category 2,Dept 1,2.85,394,85
Store2_SKU2,6/18/22,1542,Store 2,DC 2,Region 1,SKU2,Category 2,Dept 1,2.56,6335,79
Store2_SKU2,6/25/22,1179,Store 2,DC 2,Region 1,SKU2,Category 2,Dept 1,2.08,5181,48
Store2_SKU2,7/2/22,724,Store 2,DC 2,Region 1,SKU2,Category 2,Dept 1,2.75,1478,76
Store2_SKU2,7/9/22,1522,Store 2,DC 2,Region 1,SKU2,Category 2,Dept 1,2.16,4810,42
Store2_SKU2,7/16/22,131,Store 2,DC 2,Region 1,SKU2,Category 2,Dept 1,2.95,119,82
Store2_SKU2,7/23/22,960,Store 2,DC 2,Region 1,SKU2,Category 2,Dept 1,2.03,9590,74
Store2_SKU2,7/30/22,1645,Store 2,DC 2,Region 1,SKU2,Category 2,Dept 1,2.04,4515,44
Store2_SKU2,8/6/22,744,Store 2,DC 2,Region 1,SKU2,Category 2,Dept 1,2.2,3510,36
Store2_SKU2,8/13/22,1878,Store 2,DC 2,Region 1,SKU2,Category 2,Dept 1,2.11,3107,56
Store2_SKU2,8/20/22,1548,Store 2,DC 2,Region 1,SKU2,Category 2,Dept 1,2.11,4371,37
Store2_SKU2,8/27/22,1318,Store 2,DC 2,Region 1,SKU2,Category 2,Dept 1,2.63,5905,90
Store2_SKU2,9/3/22,1679,Store 2,DC 2,Region 1,SKU2,Category 2,Dept 1,2.56,5009,66
Store2_SKU2,9/10/22,205,Store 2,DC 2,Region 1,SKU2,Category 2,Dept 1,2.59,8692,63
Store2_SKU2,9/17/22,981,Store 2,DC 2,Region 1,SKU2,Category 2,Dept 1,2.11,1055,82
Store2_SKU2,9/24/22,1636,Store 2,DC 2,Region 1,SKU2,Category 2,Dept 1,2.96,5967,63
Store2_SKU2,10/1/22,15,Store 2,DC 2,Region 1,SKU2,Category 2,Dept 1,2.51,2403,71
Store2_SKU2,10/8/22,38,Store 2,DC 2,Region 1,SKU2,Category 2,Dept 1,2.93,3446,38
Store2_SKU2,10/15/22,1383,Store 2,DC 2,Region 1,SKU2,Category 2,Dept 1,2.53,4455,89
Store2_SKU2,10/22/22,301,Store 2,DC 2,Region 1,SKU2,Category 2,Dept 1,2.96,2879,62
Store2_SKU2,10/29/22,893,Store 2,DC 2,Region 1,SKU2,Category 2,Dept 1,2.49,5483,60
Store2_SKU2,11/5/22,6,Store 2,DC 2,Region 1,SKU2,Category 2,Dept 1,2.96,1717,86
Store2_SKU2,11/12/22,567,Store 2,DC 2,Region 1,SKU2,Category 2,Dept 1,2.32,8206,63
Store2_SKU2,11/19/22,821,Store 2,DC 2,Region 1,SKU2,Category 2,Dept 1,2.93,6475,46
Store2_SKU2,11/26/22,1533,Store 2,DC 2,Region 1,SKU2,Category 2,Dept 1,2.28,4405,71
Store2_SKU2,12/3/22,1344,Store 2,DC 2,Region 1,SKU2,Category 2,Dept 1,2.39,3870,39
Store2_SKU2,12/10/22,274,Store 2,DC 2,Region 1,SKU2,Category 2,Dept 1,2.23,3385,70
Store2_SKU2,12/17/22,1518,Store 2,DC 2,Region 1,SKU2,Category 2,Dept 1,2.89,6227,65
Store2_SKU2,12/24/22,917,Store 2,DC 2,Region 1,SKU2,Category 2,Dept 1,2.77,9031,65
Store2_SKU2,12/31/22,1585,Store 2,DC 2,Region 1,SKU2,Category 2,Dept 1,2.3,6604,47
Store2_SKU2,1/7/23,1446,Store 2,DC 2,Region 1,SKU2,Category 2,Dept 1,2.18,9276,36
Store2_SKU2,1/14/23,705,Store 2,DC 2,Region 1,SKU2,Category 2,Dept 1,2.94,6779,39
Store2_SKU2,1/21/23,1219,Store 2,DC 2,Region 1,SKU2,Category 2,Dept 1,2.09,2588,69
Store2_SKU2,1/28/23,1528,Store 2,DC 2,Region 1,SKU2,Category 2,Dept 1,2.94,7565,38
Store2_SKU2,2/4/23,281,Store 2,DC 2,Region 1,SKU2,Category 2,Dept 1,2.66,8433,65
Store2_SKU2,2/11/23,1756,Store 2,DC 2,Region 1,SKU2,Category 2,Dept 1,2.75,5211,88
Store2_SKU2,2/18/23,1266,Store 2,DC 2,Region 1,SKU2,Category 2,Dept 1,2.68,564,89
Store2_SKU2,2/25/23,1902,Store 2,DC 2,Region 1,SKU2,Category 2,Dept 1,2.02,8520,81
Store2_SKU2,3/4/23,1187,Store 2,DC 2,Region 1,SKU2,Category 2,Dept 1,2.44,6521,34
Store2_SKU2,3/11/23,1280,Store 2,DC 2,Region 1,SKU2,Category 2,Dept 1,2.98,4791,60
Store2_SKU2,3/18/23,832,Store 2,DC 2,Region 1,SKU2,Category 2,Dept 1,2.41,1917,54
Store2_SKU2,3/25/23,757,Store 2,DC 2,Region 1,SKU2,Category 2,Dept 1,2.72,1051,53
Store2_SKU2,4/1/23,679,Store 2,DC 2,Region 1,SKU2,Category 2,Dept 1,2.92,9161,78
Store2_SKU2,4/8/23,1745,Store 2,DC 2,Region 1,SKU2,Category 2,Dept 1,2.24,6795,78
Store2_SKU2,4/15/23,1525,Store 2,DC 2,Region 1,SKU2,Category 2,Dept 1,2.15,3026,33
Store2_SKU2,4/22/23,1232,Store 2,DC 2,Region 1,SKU2,Category 2,Dept 1,2.54,2571,60
Store2_SKU2,4/29/23,179,Store 2,DC 2,Region 1,SKU2,Category 2,Dept 1,2.07,327,59
Store2_SKU2,5/6/23,918,Store 2,DC 2,Region 1,SKU2,Category 2,Dept 1,2.19,9021,31
Store2_SKU2,5/13/23,1468,Store 2,DC 2,Region 1,SKU2,Category 2,Dept 1,2.28,138,90
Store2_SKU2,5/20/23,244,Store 2,DC 2,Region 1,SKU2,Category 2,Dept 1,2.47,4135,58
Store2_SKU2,5/27/23,1793,Store 2,DC 2,Region 1,SKU2,Category 2,Dept 1,2.08,4459,56
Store2_SKU2,6/3/23,1634,Store 2,DC 2,Region 1,SKU2,Category 2,Dept 1,2.7,8358,59
Store2_SKU2,6/10/23,366,Store 2,DC 2,Region 1,SKU2,Category 2,Dept 1,2.94,2562,69
Store2_SKU2,6/17/23,1818,Store 2,DC 2,Region 1,SKU2,Category 2,Dept 1,2.34,6097,65
Store2_SKU2,6/24/23,1960,Store 2,DC 2,Region 1,SKU2,Category 2,Dept 1,2.5,1194,62
Store2_SKU2,7/1/23,1218,Store 2,DC 2,Region 1,SKU2,Category 2,Dept 1,2.29,8319,50
Store2_SKU2,7/8/23,1871,Store 2,DC 2,Region 1,SKU2,Category 2,Dept 1,2.91,1831,89
Store2_SKU2,7/15/23,545,Store 2,DC 2,Region 1,SKU2,Category 2,Dept 1,2.56,7078,58
Store2_SKU2,7/22/23,1923,Store 2,DC 2,Region 1,SKU2,Category 2,Dept 1,2.93,4223,52
Store2_SKU2,7/29/23,1749,Store 2,DC 2,Region 1,SKU2,Category 2,Dept 1,2.62,7446,81
Store2_SKU2,8/5/23,1453,Store 2,DC 2,Region 1,SKU2,Category 2,Dept 1,2.45,2967,48
Store2_SKU2,8/12/23,184,Store 2,DC 2,Region 1,SKU2,Category 2,Dept 1,2.55,831,31
Store2_SKU2,8/19/23,1746,Store 2,DC 2,Region 1,SKU2,Category 2,Dept 1,2.02,8069,61
Store2_SKU2,8/26/23,1853,Store 2,DC 2,Region 1,SKU2,Category 2,Dept 1,2.49,8918,87
Store2_SKU2,9/2/23,573,Store 2,DC 2,Region 1,SKU2,Category 2,Dept 1,2.14,3966,90
Store2_SKU2,9/9/23,38,Store 2,DC 2,Region 1,SKU2,Category 2,Dept 1,2.92,9424,58
Store2_SKU2,9/16/23,1590,Store 2,DC 2,Region 1,SKU2,Category 2,Dept 1,2.09,3861,67
Store2_SKU2,9/23/23,1641,Store 2,DC 2,Region 1,SKU2,Category 2,Dept 1,2.16,883,87
Store2_SKU2,9/30/23,260,Store 2,DC 2,Region 1,SKU2,Category 2,Dept 1,2.02,4431,33
Store2_SKU2,10/7/23,1891,Store 2,DC 2,Region 1,SKU2,Category 2,Dept 1,2.99,6394,89
Store2_SKU2,10/14/23,1999,Store 2,DC 2,Region 1,SKU2,Category 2,Dept 1,2.79,4088,55
Store2_SKU2,10/21/23,587,Store 2,DC 2,Region 1,SKU2,Category 2,Dept 1,2.72,7690,71
Store2_SKU2,10/28/23,1933,Store 2,DC 2,Region 1,SKU2,Category 2,Dept 1,2.68,697,38
Store2_SKU2,11/4/23,1541,Store 2,DC 2,Region 1,SKU2,Category 2,Dept 1,2.62,1644,78
Store2_SKU2,11/11/23,626,Store 2,DC 2,Region 1,SKU2,Category 2,Dept 1,2.01,6962,62
Store2_SKU2,11/18/23,518,Store 2,DC 2,Region 1,SKU2,Category 2,Dept 1,2.92,453,49
Store2_SKU2,11/25/23,1019,Store 2,DC 2,Region 1,SKU2,Category 2,Dept 1,2.56,1665,84
Store2_SKU2,12/2/23,1386,Store 2,DC 2,Region 1,SKU2,Category 2,Dept 1,2.94,9264,87
Store2_SKU2,12/9/23,219,Store 2,DC 2,Region 1,SKU2,Category 2,Dept 1,2.87,148,72
Store2_SKU2,12/16/23,1539,Store 2,DC 2,Region 1,SKU2,Category 2,Dept 1,2.21,4523,46
Store2_SKU2,12/23/23,683,Store 2,DC 2,Region 1,SKU2,Category 2,Dept 1,2.64,1451,86
Store2_SKU2,12/30/23,1763,Store 2,DC 2,Region 1,SKU2,Category 2,Dept 1,2.13,3230,45
Store2_SKU2,1/6/24,233,Store 2,DC 2,Region 1,SKU2,Category 2,Dept 1,2.14,594,62
Store2_SKU2,1/13/24,776,Store 2,DC 2,Region 1,SKU2,Category 2,Dept 1,2.23,845,69
Store2_SKU2,1/20/24,1198,Store 2,DC 2,Region 1,SKU2,Category 2,Dept 1,2.85,9211,74
Store2_SKU2,1/27/24,772,Store 2,DC 2,Region 1,SKU2,Category 2,Dept 1,2.72,2725,52
Store2_SKU2,2/3/24,1298,Store 2,DC 2,Region 1,SKU2,Category 2,Dept 1,2.56,406,51
Store2_SKU2,2/10/24,1749,Store 2,DC 2,Region 1,SKU2,Category 2,Dept 1,2.25,9658,34
Store2_SKU2,2/17/24,143,Store 2,DC 2,Region 1,SKU2,Category 2,Dept 1,2.89,7032,80
Store2_SKU2,2/24/24,670,Store 2,DC 2,Region 1,SKU2,Category 2,Dept 1,2.57,1973,49
Store2_SKU2,3/2/24,1899,Store 2,DC 2,Region 1,SKU2,Category 2,Dept 1,2.61,4065,82
Store2_SKU2,3/9/24,732,Store 2,DC 2,Region 1,SKU2,Category 2,Dept 1,2.43,8862,50
Store2_SKU2,3/16/24,1718,Store 2,DC 2,Region 1,SKU2,Category 2,Dept 1,2.9,9554,84
Store2_SKU2,3/23/24,1026,Store 2,DC 2,Region 1,SKU2,Category 2,Dept 1,2.1,1673,43
Store2_SKU2,3/30/24,287,Store 2,DC 2,Region 1,SKU2,Category 2,Dept 1,2.95,7179,58
Store2_SKU2,4/6/24,268,Store 2,DC 2,Region 1,SKU2,Category 2,Dept 1,2,7541,61
Store2_SKU2,4/13/24,1667,Store 2,DC 2,Region 1,SKU2,Category 2,Dept 1,2.06,5025,49
Store2_SKU2,4/20/24,330,Store 2,DC 2,Region 1,SKU2,Category 2,Dept 1,2.24,3998,54
Store2_SKU2,4/27/24,1472,Store 2,DC 2,Region 1,SKU2,Category 2,Dept 1,2.02,5274,64
Store2_SKU2,5/4/24,1179,Store 2,DC 2,Region 1,SKU2,Category 2,Dept 1,2.17,7234,45
Store2_SKU2,5/11/24,830,Store 2,DC 2,Region 1,SKU2,Category 2,Dept 1,2.46,9978,87
Store2_SKU2,5/18/24,956,Store 2,DC 2,Region 1,SKU2,Category 2,Dept 1,2.74,3022,44
Store2_SKU2,5/25/24,108,Store 2,DC 2,Region 1,SKU2,Category 2,Dept 1,2.21,9733,64
Store2_SKU2,6/1/24,1069,Store 2,DC 2,Region 1,SKU2,Category 2,Dept 1,2.26,5849,64
Store2_SKU2,6/8/24,1272,Store 2,DC 2,Region 1,SKU2,Category 2,Dept 1,2.98,4598,35
Store2_SKU2,6/15/24,255,Store 2,DC 2,Region 1,SKU2,Category 2,Dept 1,2.45,7763,59
Store2_SKU2,6/22/24,1665,Store 2,DC 2,Region 1,SKU2,Category 2,Dept 1,2.41,554,41
Store2_SKU2,6/29/24,498,Store 2,DC 2,Region 1,SKU2,Category 2,Dept 1,2.93,8872,51
Store2_SKU2,7/6/24,846,Store 2,DC 2,Region 1,SKU2,Category 2,Dept 1,2.33,1766,39
Store2_SKU2,7/13/24,1658,Store 2,DC 2,Region 1,SKU2,Category 2,Dept 1,2.99,2567,88
Store2_SKU2,7/20/24,1473,Store 2,DC 2,Region 1,SKU2,Category 2,Dept 1,2.52,7212,48
Store2_SKU2,7/27/24,1510,Store 2,DC 2,Region 1,SKU2,Category 2,Dept 1,2.08,9135,60
Store2_SKU2,8/3/24,1543,Store 2,DC 2,Region 1,SKU2,Category 2,Dept 1,2.91,8934,68
Store2_SKU2,8/10/24,495,Store 2,DC 2,Region 1,SKU2,Category 2,Dept 1,2.09,5009,41
Store2_SKU2,8/17/24,1041,Store 2,DC 2,Region 1,SKU2,Category 2,Dept 1,2.42,7718,85
Store2_SKU2,8/24/24,375,Store 2,DC 2,Region 1,SKU2,Category 2,Dept 1,2.12,5515,41
Store2_SKU2,8/31/24,1332,Store 2,DC 2,Region 1,SKU2,Category 2,Dept 1,2.04,1461,90
Store2_SKU2,9/7/24,1618,Store 2,DC 2,Region 1,SKU2,Category 2,Dept 1,2.48,7008,42
Store2_SKU2,9/14/24,609,Store 2,DC 2,Region 1,SKU2,Category 2,Dept 1,2.34,3039,80
Store2_SKU2,9/21/24,1466,Store 2,DC 2,Region 1,SKU2,Category 2,Dept 1,2.32,6118,48